{
"lengthUnit": "mil",
"components": {
	"fields": ["COMPONENT_NO", "COMPONENT_NAME", "LAYER", "X_COORDINATE", "Y_COORDINATE", "ANGLE"],
	"rows": [
		[1, "C1", "T", 119.6, -783.77, 0],
		[2, "C2", "T", 245, -300, 0],
		[3, "C3", "T", 282.68, -635, 270],
		[4, "C4", "T", 500, -389.67, 180],
		[5, "C5", "T", 119.6, -875.92, 0],
		[6, "C8", "T", 500, -498.82, 180],
		[7, "C10", "T", 500, -607.97, 180],
		[8, "C11", "T", 119.6, -968.07, 0],
		[9, "C12", "T", 500.8, -280.52, 0],
		[10, "L2", "T", 425, -860, 180],
		[11, "R2", "T", 281, -458.12, 270],
		[12, "R4", "T", 510, -175, 0],
		[13, "R5", "T", 292.49, -165.79, 270],
		[14, "R6", "T", 185, -655, 90],
		[15, "R7", "T", 80, -655, 90],
		[16, "R8", "T", 89.27, -185.79, 90],
		[17, "U1", "T", 150, -445, 0],
		[18, "PAD1", "T", 160, -1060, 0],
		[19, "PAD1", "B", 160, -1060, 0],
		[20, "PAD2", "T", 445, -1060, 0],
		[21, "PAD2", "B", 445, -1060, 0],
		[22, "PAD3", "T", 170, -70, 0],
		[23, "PAD3", "B", 170, -70, 0],
		[24, "PAD4", "T", 455, -70, 0],
		[25, "PAD4", "B", 455, -70, 0]
	]
},
"pins": {
	"fields": ["PIN_NO", "PIN_NAME", "PIN_X", "PIN_Y", "LAYER", "PIN_TYPE", "NET_NAME", "NET_TYPE", "PAD_SHAPE", "PAD_SIZEX", "PAD_SIZEY", "HOLE_SIZE", "PAD_ANGLE"],
	"rows": [
		[1, "C1_1", 80.23, -783.77, "T", "SMD", "GND", "GND", "R", 55.51, 53.15, 0, 0],
		[2, "C1_2", 158.97, -783.77, "T", "SMD", "VIN", "", "R", 55.51, 53.15, 0, 0],
		[3, "C2_1", 205.63, -300, "T", "SMD", "VCC", "", "R", 55.51, 53.15, 0, 0],
		[4, "C2_2", 284.37, -300, "T", "SMD", "GND", "GND", "R", 55.51, 53.15, 0, 0],
		[5, "C3_1", 282.68, -595.63, "T", "SMD", "$C3_1", "", "R", 55.51, 53.15, 0, 270],
		[6, "C3_2", 282.68, -674.37, "T", "SMD", "SW", "", "R", 55.51, 53.15, 0, 270],
		[7, "C4_1", 539.37, -389.67, "T", "SMD", "VOUT_5V", "", "R", 55.51, 53.15, 0, 180],
		[8, "C4_2", 460.63, -389.67, "T", "SMD", "GND", "GND", "R", 55.51, 53.15, 0, 180],
		[9, "C5_1", 80.23, -875.92, "T", "SMD", "GND", "GND", "R", 55.51, 53.15, 0, 0],
		[10, "C5_2", 158.97, -875.92, "T", "SMD", "VIN", "", "R", 55.51, 53.15, 0, 0],
		[11, "C8_1", 539.37, -498.82, "T", "SMD", "VOUT_5V", "", "R", 55.51, 53.15, 0, 180],
		[12, "C8_2", 460.63, -498.82, "T", "SMD", "GND", "GND", "R", 55.51, 53.15, 0, 180],
		[13, "C10_1", 539.37, -607.97, "T", "SMD", "VOUT_5V", "", "R", 55.51, 53.15, 0, 180],
		[14, "C10_2", 460.63, -607.97, "T", "SMD", "GND", "GND", "R", 55.51, 53.15, 0, 180],
		[15, "C11_1", 80.23, -968.07, "T", "SMD", "GND", "GND", "R", 55.51, 53.15, 0, 0],
		[16, "C11_2", 158.97, -968.07, "T", "SMD", "VIN", "", "R", 55.51, 53.15, 0, 0],
		[17, "C12_1", 461.43, -280.52, "T", "SMD", "$C12_1", "", "R", 55.51, 53.15, 0, 0],
		[18, "C12_2", 540.17, -280.52, "T", "SMD", "VOUT_5V", "", "R", 55.51, 53.15, 0, 0],
		[19, "L2_1", 544.49, -860, "T", "SMD", "VOUT_5V", "", "R", 98.42, 137.79, 0, 180],
		[20, "L2_2", 305.51, -860, "T", "SMD", "SW", "", "R", 98.42, 137.79, 0, 180],
		[21, "R2_1", 281, -418.75, "T", "SMD", "BST", "", "R", 44.59, 54.21, 0, 270],
		[22, "R2_2", 281, -497.49, "T", "SMD", "$C3_1", "", "R", 44.59, 54.21, 0, 270],
		[23, "R4_1", 470.63, -175, "T", "SMD", "$C12_1", "", "R", 44.59, 54.21, 0, 0],
		[24, "R4_2", 549.37, -175, "T", "SMD", "VOUT_5V", "", "R", 44.59, 54.21, 0, 0],
		[25, "R5_1", 292.49, -126.42, "T", "SMD", "$C12_1", "", "R", 44.59, 54.21, 0, 270],
		[26, "R5_2", 292.49, -205.16, "T", "SMD", "GND", "GND", "R", 44.59, 54.21, 0, 270],
		[27, "R6_1", 185, -694.37, "T", "SMD", "VIN", "", "R", 44.59, 54.21, 0, 90],
		[28, "R6_2", 185, -615.63, "T", "SMD", "EN", "", "R", 44.59, 54.21, 0, 90],
		[29, "R7_1", 80, -694.37, "T", "SMD", "GND", "GND", "R", 44.59, 54.21, 0, 90],
		[30, "R7_2", 80, -615.63, "T", "SMD", "AGND", "", "R", 44.59, 54.21, 0, 90],
		[31, "R8_1", 89.27, -225.16, "T", "SMD", "FB", "", "R", 44.59, 54.21, 0, 90],
		[32, "R8_2", 89.27, -146.42, "T", "SMD", "$C12_1", "", "R", 44.59, 54.21, 0, 90],
		[33, "U1_1", 111.61, -492.68, "T", "SMD", "AGND", "", "O", 14.33, 48.11, 0, 0],
		[34, "U1_2", 137.21, -492.68, "T", "SMD", "VIN", "", "O", 14.33, 48.11, 0, 0],
		[35, "U1_3", 162.8, -492.68, "T", "SMD", "SW", "", "O", 14.33, 48.11, 0, 0],
		[36, "U1_4", 188.39, -492.68, "T", "SMD", "GND", "GND", "O", 14.33, 48.11, 0, 0],
		[37, "U1_5", 188.39, -397.32, "T", "SMD", "BST", "", "O", 14.33, 48.11, 0, 0],
		[38, "U1_6", 162.8, -397.32, "T", "SMD", "EN", "", "O", 14.33, 48.11, 0, 0],
		[39, "U1_7", 137.21, -397.32, "T", "SMD", "VCC", "", "O", 14.33, 48.11, 0, 0],
		[40, "U1_8", 111.61, -397.32, "T", "SMD", "FB", "", "O", 14.33, 48.11, 0, 0],
		[41, "PAD1_1", 160, -1060, "T", "DIP", "GND", "GND", "C", 84, 84, 48, 0],
		[42, "PAD1_1", 160, -1060, "B", "DIP", "GND", "GND", "C", 84, 84, 48, 0],
		[43, "PAD2_1", 445, -1060, "T", "DIP", "VIN", "", "C", 84, 84, 48, 0],
		[44, "PAD2_1", 445, -1060, "B", "DIP", "VIN", "", "C", 84, 84, 48, 0],
		[45, "PAD3_1", 170, -70, "T", "DIP", "GND", "GND", "C", 84, 84, 48, 0],
		[46, "PAD3_1", 170, -70, "B", "DIP", "GND", "GND", "C", 84, 84, 48, 0],
		[47, "PAD4_1", 455, -70, "T", "DIP", "VOUT_5V", "", "C", 84, 84, 48, 0],
		[48, "PAD4_1", 455, -70, "B", "DIP", "VOUT_5V", "", "C", 84, 84, 48, 0]
	]
}
}