{
"lengthUnit": "mil",
"components": {
	"fields": ["COMPONENT_NO", "COMPONENT_NAME", "LAYER", "X_COORDINATE", "Y_COORDINATE", "ANGLE"],
	"rows": [
		[1, "C1", "T", 114.5, 567.35, 0],
		[2, "C2", "T", 239.9, 1051.12, 0],
		[3, "C3", "T", 277.58, 716.12, 270],
		[4, "C4", "T", 494.9, 961.45, 180],
		[5, "C5", "T", 114.5, 475.2, 0],
		[6, "C8", "T", 494.9, 852.3, 180],
		[7, "C10", "T", 494.9, 743.15, 180],
		[8, "C11", "T", 114.5, 383.05, 0],
		[9, "C12", "T", 495.7, 1070.6, 0],
		[10, "L2", "T", 419.9, 491.12, 180],
		[11, "R2", "T", 275.9, 893.01, 270],
		[12, "R4", "T", 504.9, 1176.12, 0],
		[13, "R5", "T", 287.39, 1185.33, 270],
		[14, "R6", "T", 179.9, 696.12, 90],
		[15, "R7", "T", 74.9, 696.12, 90],
		[16, "R8", "T", 84.17, 1165.33, 90],
		[17, "U1", "T", 144.9, 911.12, 270],
		[18, "PAD1", "T", 154.9, 291.12, 0],
		[19, "PAD1", "B", 154.9, 291.12, 0],
		[20, "PAD2", "T", 439.9, 291.12, 0],
		[21, "PAD2", "B", 439.9, 291.12, 0],
		[22, "PAD3", "T", 164.9, 1281.12, 0],
		[23, "PAD3", "B", 164.9, 1281.12, 0],
		[24, "PAD4", "T", 449.9, 1281.12, 0],
		[25, "PAD4", "B", 449.9, 1281.12, 0]
	]
},
"pins": {
	"fields": ["PIN_NO", "PIN_NAME", "PIN_X", "PIN_Y", "LAYER", "PIN_TYPE", "NET_NAME", "NET_TYPE", "PAD_SHAPE", "PAD_SIZEX", "PAD_SIZEY", "HOLE_SIZE", "PAD_ANGLE"],
	"rows": [
		[1, "C1_1", 75.13, 567.35, "T", "SMD", "GND", "GND", "R", 55.51, 53.15, 0, 0],
		[2, "C1_2", 153.87, 567.35, "T", "SMD", "VIN", "", "R", 55.51, 53.15, 0, 0],
		[3, "C2_1", 200.53, 1051.12, "T", "SMD", "VCC", "", "R", 55.51, 53.15, 0, 0],
		[4, "C2_2", 279.27, 1051.12, "T", "SMD", "GND", "GND", "R", 55.51, 53.15, 0, 0],
		[5, "C3_1", 277.58, 755.49, "T", "SMD", "$C3_1", "", "R", 55.51, 53.15, 0, 270],
		[6, "C3_2", 277.58, 676.75, "T", "SMD", "SW", "", "R", 55.51, 53.15, 0, 270],
		[7, "C4_1", 534.27, 961.45, "T", "SMD", "VOUT_5V", "", "R", 55.51, 53.15, 0, 180],
		[8, "C4_2", 455.53, 961.45, "T", "SMD", "GND", "GND", "R", 55.51, 53.15, 0, 180],
		[9, "C5_1", 75.13, 475.2, "T", "SMD", "GND", "GND", "R", 55.51, 53.15, 0, 0],
		[10, "C5_2", 153.87, 475.2, "T", "SMD", "VIN", "", "R", 55.51, 53.15, 0, 0],
		[11, "C8_1", 534.27, 852.3, "T", "SMD", "VOUT_5V", "", "R", 55.51, 53.15, 0, 180],
		[12, "C8_2", 455.53, 852.3, "T", "SMD", "GND", "GND", "R", 55.51, 53.15, 0, 180],
		[13, "C10_1", 534.27, 743.15, "T", "SMD", "VOUT_5V", "", "R", 55.51, 53.15, 0, 180],
		[14, "C10_2", 455.53, 743.15, "T", "SMD", "GND", "GND", "R", 55.51, 53.15, 0, 180],
		[15, "C11_1", 75.13, 383.05, "T", "SMD", "GND", "GND", "R", 55.51, 53.15, 0, 0],
		[16, "C11_2", 153.87, 383.05, "T", "SMD", "VIN", "", "R", 55.51, 53.15, 0, 0],
		[17, "C12_1", 456.33, 1070.6, "T", "SMD", "$C12_1", "", "R", 55.51, 53.15, 0, 0],
		[18, "C12_2", 535.07, 1070.6, "T", "SMD", "VOUT_5V", "", "R", 55.51, 53.15, 0, 0],
		[19, "L2_1", 539.39, 491.12, "T", "SMD", "VOUT_5V", "", "R", 98.42, 137.79, 0, 180],
		[20, "L2_2", 300.41, 491.12, "T", "SMD", "SW", "", "R", 98.42, 137.79, 0, 180],
		[21, "R2_1", 275.9, 932.38, "T", "SMD", "BST", "", "R", 44.59, 54.21, 0, 270],
		[22, "R2_2", 275.9, 853.64, "T", "SMD", "$C3_1", "", "R", 44.59, 54.21, 0, 270],
		[23, "R4_1", 465.53, 1176.12, "T", "SMD", "$C12_1", "", "R", 44.59, 54.21, 0, 0],
		[24, "R4_2", 544.27, 1176.12, "T", "SMD", "VOUT_5V", "", "R", 44.59, 54.21, 0, 0],
		[25, "R5_1", 287.39, 1224.7, "T", "SMD", "$C12_1", "", "R", 44.59, 54.21, 0, 270],
		[26, "R5_2", 287.39, 1145.96, "T", "SMD", "GND", "GND", "R", 44.59, 54.21, 0, 270],
		[27, "R6_1", 179.9, 656.75, "T", "SMD", "VIN", "", "R", 44.59, 54.21, 0, 90],
		[28, "R6_2", 179.9, 735.49, "T", "SMD", "EN", "", "R", 44.59, 54.21, 0, 90],
		[29, "R7_1", 74.9, 656.75, "T", "SMD", "GND", "GND", "R", 44.59, 54.21, 0, 90],
		[30, "R7_2", 74.9, 735.49, "T", "SMD", "AGND", "", "R", 44.59, 54.21, 0, 90],
		[31, "R8_1", 84.17, 1125.96, "T", "SMD", "FB", "", "R", 44.59, 54.21, 0, 90],
		[32, "R8_2", 84.17, 1204.7, "T", "SMD", "$C12_1", "", "R", 44.59, 54.21, 0, 90],
		[33, "U1_1", 106.51, 863.44, "T", "SMD", "AGND", "", "O", 48.11, 14.33, 0, 270],
		[34, "U1_2", 132.1, 863.44, "T", "SMD", "VIN", "", "O", 48.11, 14.33, 0, 270],
		[35, "U1_3", 157.69, 863.44, "T", "SMD", "SW", "", "O", 48.11, 14.33, 0, 270],
		[36, "U1_4", 183.29, 863.44, "T", "SMD", "GND", "GND", "O", 48.11, 14.33, 0, 270],
		[37, "U1_5", 183.29, 958.8, "T", "SMD", "BST", "", "O", 48.11, 14.33, 0, 270],
		[38, "U1_6", 157.69, 958.8, "T", "SMD", "EN", "", "O", 48.11, 14.33, 0, 270],
		[39, "U1_7", 132.1, 958.8, "T", "SMD", "VCC", "", "O", 48.11, 14.33, 0, 270],
		[40, "U1_8", 106.51, 958.8, "T", "SMD", "FB", "", "O", 48.11, 14.33, 0, 270],
		[41, "PAD1_1", 154.9, 291.12, "T", "DIP", "GND", "GND", "C", 84, 84, 48, 0],
		[42, "PAD1_1", 154.9, 291.12, "B", "DIP", "GND", "GND", "C", 84, 84, 48, 0],
		[43, "PAD2_1", 439.9, 291.12, "T", "DIP", "VIN", "", "C", 84, 84, 48, 0],
		[44, "PAD2_1", 439.9, 291.12, "B", "DIP", "VIN", "", "C", 84, 84, 48, 0],
		[45, "PAD3_1", 164.9, 1281.12, "T", "DIP", "GND", "GND", "C", 84, 84, 48, 0],
		[46, "PAD3_1", 164.9, 1281.12, "B", "DIP", "GND", "GND", "C", 84, 84, 48, 0],
		[47, "PAD4_1", 449.9, 1281.12, "T", "DIP", "VOUT_5V", "", "C", 84, 84, 48, 0],
		[48, "PAD4_1", 449.9, 1281.12, "B", "DIP", "VOUT_5V", "", "C", 84, 84, 48, 0]
	]
}
}