{
"lengthUnit": "mil",
"components": {
	"fields": ["COMPONENT_NO", "COMPONENT_NAME", "LAYER", "X_COORDINATE", "Y_COORDINATE", "ANGLE"],
	"rows": [
		[1, "C1", "T", 350, -590, 270],
		[2, "C2", "T", 220, -645, 180],
		[3, "R1", "T", 220, -535, 0],
		[4, "R2", "T", 75, -590, 90],
		[5, "U1", "T", 240, -275, 270],
		[6, "PAD1", "T", 335, -730, 0],
		[7, "PAD1", "B", 335, -730, 0],
		[8, "PAD2", "T", 135, -735, 0],
		[9, "PAD2", "B", 135, -735, 0],
		[10, "PAD3", "T", 335, -60, 0],
		[11, "PAD3", "B", 335, -60, 0],
		[12, "PAD4", "T", 135, -60, 0],
		[13, "PAD4", "B", 135, -60, 0]
	]
},
"pins": {
	"fields": ["PIN_NO", "PIN_NAME", "PIN_X", "PIN_Y", "LAYER", "PIN_TYPE", "NET_NAME", "NET_TYPE", "PAD_SHAPE", "PAD_SIZEX", "PAD_SIZEY", "HOLE_SIZE", "PAD_ANGLE"],
	"rows": [
		[1, "C1_1", 350, -550.63, "T", "SMD", "VIN", "", "R", 43.31, 51.18, 0, 270],
		[2, "C1_2", 350, -629.37, "T", "SMD", "GND", "GND", "R", 43.31, 51.18, 0, 270],
		[3, "C2_1", 259.37, -645, "T", "SMD", "VOUT_3.3V", "", "R", 43.31, 51.18, 0, 180],
		[4, "C2_2", 180.63, -645, "T", "SMD", "GND", "GND", "R", 43.31, 51.18, 0, 180],
		[5, "R1_1", 180.63, -535, "T", "SMD", "ADJ", "", "R", 44.59, 54.21, 0, 0],
		[6, "R1_2", 259.37, -535, "T", "SMD", "VOUT_3.3V", "", "R", 44.59, 54.21, 0, 0],
		[7, "R2_1", 75, -629.37, "T", "SMD", "GND", "GND", "R", 44.59, 54.21, 0, 90],
		[8, "R2_2", 75, -550.63, "T", "SMD", "ADJ", "", "R", 44.59, 54.21, 0, 90],
		[9, "U1_1", 149.45, -386.61, "T", "SMD", "ADJ", "", "R", 97.24, 38.58, 0, 270],
		[10, "U1_2", 240, -386.61, "T", "SMD", "VOUT_3.3V", "", "R", 97.24, 38.58, 0, 270],
		[11, "U1_3", 330.55, -386.61, "T", "SMD", "VIN", "", "R", 97.24, 38.58, 0, 270],
		[12, "U1_4", 240, -163.39, "T", "SMD", "VOUT_3.3V", "", "R", 97.24, 141.73, 0, 270],
		[13, "PAD1_1", 335, -730, "T", "DIP", "VIN", "", "C", 72, 72, 36, 0],
		[14, "PAD1_1", 335, -730, "B", "DIP", "VIN", "", "C", 72, 72, 36, 0],
		[15, "PAD2_2", 135, -735, "T", "DIP", "GND", "GND", "C", 72, 72, 36, 0],
		[16, "PAD2_2", 135, -735, "B", "DIP", "GND", "GND", "C", 72, 72, 36, 0],
		[17, "PAD3_1", 335, -60, "T", "DIP", "VOUT_3.3V", "", "C", 72, 72, 36, 0],
		[18, "PAD3_1", 335, -60, "B", "DIP", "VOUT_3.3V", "", "C", 72, 72, 36, 0],
		[19, "PAD4_1", 135, -60, "T", "DIP", "GND", "GND", "C", 72, 72, 36, 0],
		[20, "PAD4_1", 135, -60, "B", "DIP", "GND", "GND", "C", 72, 72, 36, 0]
	]
}
}