{
"lengthUnit": "mil",
"components": {
	"fields": ["COMPONENT_NO", "COMPONENT_NAME", "LAYER", "X_COORDINATE", "Y_COORDINATE", "ANGLE"],
	"rows": [
		[1, "C1", "T", 344.9, 194.9, 270],
		[2, "C2", "T", 214.9, 139.9, 180],
		[3, "R1", "T", 214.9, 249.9, 0],
		[4, "R2", "T", 69.9, 194.9, 90],
		[5, "U1", "T", 234.9, 509.9, 270],
		[6, "PAD1", "T", 329.9, 54.9, 0],
		[7, "PAD1", "B", 329.9, 54.9, 0],
		[8, "PAD2", "T", 129.9, 49.9, 0],
		[9, "PAD2", "B", 129.9, 49.9, 0],
		[10, "PAD3", "T", 329.9, 724.9, 0],
		[11, "PAD3", "B", 329.9, 724.9, 0],
		[12, "PAD4", "T", 129.9, 724.9, 0],
		[13, "PAD4", "B", 129.9, 724.9, 0]
	]
},
"pins": {
	"fields": ["PIN_NO", "PIN_NAME", "PIN_X", "PIN_Y", "LAYER", "PIN_TYPE", "NET_NAME", "NET_TYPE", "PAD_SHAPE", "PAD_SIZEX", "PAD_SIZEY", "HOLE_SIZE", "PAD_ANGLE"],
	"rows": [
		[1, "C1_1", 344.9, 234.27, "T", "SMD", "VIN", "", "R", 43.31, 51.18, 0, 270],
		[2, "C1_2", 344.9, 155.53, "T", "SMD", "GND", "GND", "R", 43.31, 51.18, 0, 270],
		[3, "C2_1", 254.27, 139.9, "T", "SMD", "VOUT_3.3V", "", "R", 43.31, 51.18, 0, 180],
		[4, "C2_2", 175.53, 139.9, "T", "SMD", "GND", "GND", "R", 43.31, 51.18, 0, 180],
		[5, "R1_1", 175.53, 249.9, "T", "SMD", "ADJ", "", "R", 44.59, 54.21, 0, 0],
		[6, "R1_2", 254.27, 249.9, "T", "SMD", "VOUT_3.3V", "", "R", 44.59, 54.21, 0, 0],
		[7, "R2_1", 69.9, 155.53, "T", "SMD", "GND", "GND", "R", 44.59, 54.21, 0, 90],
		[8, "R2_2", 69.9, 234.27, "T", "SMD", "ADJ", "", "R", 44.59, 54.21, 0, 90],
		[9, "U1_1", 144.35, 398.29, "T", "SMD", "ADJ", "", "R", 97.24, 38.58, 0, 270],
		[10, "U1_2", 234.9, 398.29, "T", "SMD", "VOUT_3.3V", "", "R", 97.24, 38.58, 0, 270],
		[11, "U1_3", 325.45, 398.29, "T", "SMD", "VIN", "", "R", 97.24, 38.58, 0, 270],
		[12, "U1_4", 234.9, 621.51, "T", "SMD", "VOUT_3.3V", "", "R", 97.24, 141.73, 0, 270],
		[13, "PAD1_1", 329.9, 54.9, "T", "DIP", "VIN", "", "C", 72, 72, 36, 0],
		[14, "PAD1_1", 329.9, 54.9, "B", "DIP", "VIN", "", "C", 72, 72, 36, 0],
		[15, "PAD2_2", 129.9, 49.9, "T", "DIP", "GND", "GND", "C", 72, 72, 36, 0],
		[16, "PAD2_2", 129.9, 49.9, "B", "DIP", "GND", "GND", "C", 72, 72, 36, 0],
		[17, "PAD3_1", 329.9, 724.9, "T", "DIP", "VOUT_3.3V", "", "C", 72, 72, 36, 0],
		[18, "PAD3_1", 329.9, 724.9, "B", "DIP", "VOUT_3.3V", "", "C", 72, 72, 36, 0],
		[19, "PAD4_1", 129.9, 724.9, "T", "DIP", "GND", "GND", "C", 72, 72, 36, 0],
		[20, "PAD4_1", 129.9, 724.9, "B", "DIP", "GND", "GND", "C", 72, 72, 36, 0]
	]
}
}